<?xml version="1.0" encoding="utf-8" standalone="yes"?>
<rss version="2.0" xmlns:atom="http://www.w3.org/2005/Atom">
  <channel>
    <title>RocketPlay Slots Canada | Play Exciting Online Slot Games on Rocketplay</title>
    <link>https://official-rocketplayca.com/slot/</link>
    <description>Recent content in RocketPlay Slots Canada | Play Exciting Online Slot Games on Rocketplay</description>
    <generator>Hugo</generator>
    <language>en</language>
    <lastBuildDate></lastBuildDate>
    <atom:link href="https://official-rocketplayca.com/slot/index.xml" rel="self" type="application/rss+xml" />
  </channel>
</rss>
